"['Battery_percentage', 'Mission_time', 'Transform_tolerance_local']",-3.4798710588647026,-7.806293070353266,-1.1905829713565868
"['Battery_percentage', 'Mission_time', 'yaw_goal_tolerance']",-10.949711962799569,-34.77322142983452,12.378472876436788
"['Battery_percentage', 'Mission_time', 'Cost_scaling_factor_global']",-0.16732292327706944,-0.42940815532784027,-0.0932062401889283
"['Battery_percentage', 'Mission_time', 'Occdist_scale']",-432.6076788200718,-517.341972188364,-374.4698342259841
"['Battery_percentage', 'Mission_time', 'Path_distance_bias']",-5.585639766620503,-8.977576683411716,4.546678214140451
"['Battery_percentage', 'Mission_time', 'Goal_distance_bias']",14.908044622710719,8.57097762874718,17.174640947314096
"['Battery_percentage', 'Mission_time', 'Combination_method_global']",-1.276917684305758,-3.193729249382436,2.3304710681475127
"['Battery_percentage', 'Mission_time', 'Cost_scaling_factor_local']",0.7403909364279713,0.6274358976297278,0.8992126399800597
"['Battery_percentage', 'Mission_time', 'recovery_executed', 'Occdist_scale']",-432.6076788200718,-534.9475749955643,-289.9327495707905
"['Battery_percentage', 'Mission_time', 'recovery_executed', 'Goal_distance_bias']",14.908044622710719,10.598650893811485,22.63927161764305
"['Battery_percentage', 'Mission_time', 'recovery_executed', 'DWA_new_plan', 'xy_goal_tolerance']",5.32597342687788,-8.716121691694877,13.711505542870647
"['Battery_percentage', 'Mission_time', 'recovery_executed', 'DWA_new_plan', 'min_vel_x']",0.2078508329125981,-17.279574617265293,4.369506204093435
"['Battery_percentage', 'Mission_time', 'recovery_executed', 'DWA_new_plan', 'Occdist_scale']",-432.6076788200718,-617.3740667431196,-410.7025625980982
"['Battery_percentage', 'Mission_time', 'recovery_executed', 'DWA_new_plan', 'DWA_failed', 'Occdist_scale']",-432.6076788200718,-487.2381617381186,-298.66485864670415
"['Battery_percentage', 'Mission_time', 'recovery_executed', 'DWA_new_plan', 'DWA_failed', 'yaw_goal_tolerance']",-10.949711962799569,-35.39781269903443,21.942837651208478
"['Battery_percentage', 'Mission_time', 'recovery_executed', 'DWA_new_plan', 'DWA_failed', 'Update_frequency_local']",0.09177763013845208,-0.8296437771463815,1.6405051325356963
"['Battery_percentage', 'Mission_time', 'recovery_executed', 'DWA_new_plan', 'DWA_failed', 'xy_goal_tolerance']",5.32597342687788,-7.738899112113491,42.414751823698275
"['Battery_percentage', 'Mission_time', 'Traveled_distance', 'Goal_distance_bias']",14.908044622710719,12.881768502398604,17.22670471483152
"['Battery_percentage', 'Mission_time', 'Traveled_distance', 'Publish_frequency_local']",0.6887184576127083,-1.6441965901489852,1.9214133935135136
"['Battery_percentage', 'Mission_time', 'Traveled_distance', 'RNS', 'recovery_executed', 'Occdist_scale']",-432.6076788200718,-497.99901503397234,-354.110938315131
"['Battery_percentage', 'Mission_time', 'Traveled_distance', 'RNS', 'recovery_executed', 'Goal_distance_bias']",14.908044622710719,14.40678281132622,21.614965351404614
"['Battery_percentage', 'Mission_time', 'Traveled_distance', 'RNS', 'recovery_executed', 'DWA_new_plan', 'xy_goal_tolerance']",5.32597342687788,2.5943552140506627,25.996889224834405
"['Battery_percentage', 'Mission_time', 'Traveled_distance', 'RNS', 'recovery_executed', 'DWA_new_plan', 'min_vel_x']",0.2078508329125981,-21.191611788103383,6.342603986149566
"['Battery_percentage', 'Mission_time', 'Traveled_distance', 'RNS', 'recovery_executed', 'DWA_new_plan', 'Occdist_scale']",-432.6076788200718,-555.9931367917484,-313.15026802078614
"['Battery_percentage', 'Mission_time', 'Traveled_distance', 'RNS', 'recovery_executed', 'DWA_new_plan', 'DWA_failed', 'Occdist_scale']",-432.6076788200718,-455.15828432845086,-335.20555841630915
"['Battery_percentage', 'Mission_time', 'Traveled_distance', 'RNS', 'recovery_executed', 'DWA_new_plan', 'DWA_failed', 'yaw_goal_tolerance']",-10.949711962799569,-35.03091313801481,15.30253675513884
"['Battery_percentage', 'Mission_time', 'Traveled_distance', 'RNS', 'recovery_executed', 'DWA_new_plan', 'DWA_failed', 'Update_frequency_local']",0.09177763013845208,-0.09265325448825762,1.1570783598203378
"['Battery_percentage', 'Mission_time', 'Traveled_distance', 'RNS', 'recovery_executed', 'DWA_new_plan', 'DWA_failed', 'xy_goal_tolerance']",5.32597342687788,-1.8600761787004358,17.35190902746325
"['Battery_percentage', 'Mission_time', 'Traveled_distance', 'RNS', 'DWA_failed', 'Occdist_scale']",-432.6076788200718,-559.042018070023,-430.6812520415648
"['Battery_percentage', 'Mission_time', 'Traveled_distance', 'RNS', 'DWA_failed', 'yaw_goal_tolerance']",-10.949711962799569,-23.795669027968025,4.496383840608473
"['Battery_percentage', 'Mission_time', 'Traveled_distance', 'RNS', 'DWA_failed', 'Update_frequency_local']",0.09177763013845208,-0.7326932334848621,2.5298639922459683
"['Battery_percentage', 'Mission_time', 'Traveled_distance', 'RNS', 'DWA_failed', 'xy_goal_tolerance']",5.32597342687788,2.1791991148642693,26.123490081327617
"['Battery_percentage', 'Mission_time', 'Traveled_distance', 'RNS', 'Error_rotating_goal', 'Combination_method_local']",1.1545047489824043,-4.4039800307547265,3.1298152614536234
"['Battery_percentage', 'Mission_time', 'Traveled_distance', 'RNS', 'Error_rotating_goal', 'Transform_tolerance_global']",-0.587501099957322,-0.26922361009165174,3.0017096013928453
"['Battery_percentage', 'Mission_time', 'Traveled_distance', 'RNS', 'Error_rotating_goal', 'Update_frequency_local']",0.09177763013845208,-0.8540369701058026,1.459715677575197
"['Battery_percentage', 'Mission_time', 'Traveled_distance', 'RNS', 'Error_rotating_goal', 'Path_distance_bias']",-5.585639766620503,-12.8008146073848,1.3809395891953549
"['Battery_percentage', 'Mission_time', 'Traveled_distance', 'RNS', 'Error_rotating_goal', 'Publish_frequency_global']",-1.2118640131159424,-2.449005346462916,0.8217811995711172
"['Battery_percentage', 'Mission_time', 'Traveled_distance', 'RNS', 'Error_rotating_goal', 'yaw_goal_tolerance']",-10.949711962799569,-25.55696117258531,-9.297552714871928
"['Battery_percentage', 'Mission_time', 'Traveled_distance', 'RNS', 'Error_rotating_goal', 'DWA_new_plan', 'xy_goal_tolerance']",5.32597342687788,-13.841115618432667,0.645342107117355
"['Battery_percentage', 'Mission_time', 'Traveled_distance', 'RNS', 'Error_rotating_goal', 'DWA_new_plan', 'min_vel_x']",0.2078508329125981,-0.41758178231330023,10.75029653957941
"['Battery_percentage', 'Mission_time', 'Traveled_distance', 'RNS', 'Error_rotating_goal', 'DWA_new_plan', 'Occdist_scale']",-432.6076788200718,-470.4323306856548,-245.5018539073145
"['Battery_percentage', 'Mission_time', 'Traveled_distance', 'RNS', 'Error_rotating_goal', 'DWA_new_plan', 'DWA_failed', 'Occdist_scale']",-432.6076788200718,-532.0270930459614,-405.346460593482
"['Battery_percentage', 'Mission_time', 'Traveled_distance', 'RNS', 'Error_rotating_goal', 'DWA_new_plan', 'DWA_failed', 'yaw_goal_tolerance']",-10.949711962799569,-30.23002574469008,-4.15847705932884
"['Battery_percentage', 'Mission_time', 'Traveled_distance', 'RNS', 'Error_rotating_goal', 'DWA_new_plan', 'DWA_failed', 'Update_frequency_local']",0.09177763013845208,-0.8660135938394887,1.2746141774391304
"['Battery_percentage', 'Mission_time', 'Traveled_distance', 'RNS', 'Error_rotating_goal', 'DWA_new_plan', 'DWA_failed', 'xy_goal_tolerance']",5.32597342687788,1.488240961169265,28.664870971774345
"['Battery_percentage', 'Mission_time', 'Traveled_distance', 'Combination_method_local']",1.1545047489824043,0.17779880604837076,3.944896643650826
"['Battery_percentage', 'Mission_time', 'Traveled_distance', 'Update_frequency_global']",-0.4217964533538776,-0.6748967492390108,0.5799371607355865
"['Battery_percentage', 'Mission_time', 'Traveled_distance', 'DWA_failed', 'Occdist_scale']",-432.6076788200718,-411.1211136739534,-286.17726313049235
"['Battery_percentage', 'Mission_time', 'Traveled_distance', 'DWA_failed', 'yaw_goal_tolerance']",-10.949711962799569,-36.047524846024466,25.84991564524479
"['Battery_percentage', 'Mission_time', 'Traveled_distance', 'DWA_failed', 'Update_frequency_local']",0.09177763013845208,-0.8726977341949549,1.7739699202434138
"['Battery_percentage', 'Mission_time', 'Traveled_distance', 'DWA_failed', 'xy_goal_tolerance']",5.32597342687788,-0.13660271852293415,25.465084074927447
"['Battery_percentage', 'Mission_time', 'Traveled_distance', 'Transform_tolerance_local']",-3.4798710588647026,-7.087293002246942,-0.366644294403922
"['Battery_percentage', 'Mission_time', 'Traveled_distance', 'Cost_scaling_factor_local']",0.7403909364279713,0.3642511365369415,0.906018563130236
"['Battery_percentage', 'Mission_time', 'Traveled_distance', 'Publish_frequency_global']",-1.2118640131159424,-1.9458846524935054,-0.12977349767587337
"['Battery_percentage', 'Traveled_distance', 'Goal_distance_bias']",14.908044622710719,8.360457400710981,22.883464999853977
"['Battery_percentage', 'Traveled_distance', 'Publish_frequency_local']",0.6887184576127083,-0.09236824880294563,2.0825672970624156
"['Battery_percentage', 'Traveled_distance', 'RNS', 'recovery_executed', 'Occdist_scale']",-432.6076788200718,-550.3539240958198,-337.30130978755324
"['Battery_percentage', 'Traveled_distance', 'RNS', 'recovery_executed', 'Goal_distance_bias']",14.908044622710719,6.323780871836663,16.63264685455458
"['Battery_percentage', 'Traveled_distance', 'RNS', 'recovery_executed', 'DWA_new_plan', 'xy_goal_tolerance']",5.32597342687788,1.9009202763599504,12.283893906918637
"['Battery_percentage', 'Traveled_distance', 'RNS', 'recovery_executed', 'DWA_new_plan', 'min_vel_x']",0.2078508329125981,-17.72428307577694,14.725842114214121
"['Battery_percentage', 'Traveled_distance', 'RNS', 'recovery_executed', 'DWA_new_plan', 'Occdist_scale']",-432.6076788200718,-459.6558286624303,-215.62864802180923
"['Battery_percentage', 'Traveled_distance', 'RNS', 'recovery_executed', 'DWA_new_plan', 'DWA_failed', 'Occdist_scale']",-432.6076788200718,-560.2923011594601,-456.85178658744854
"['Battery_percentage', 'Traveled_distance', 'RNS', 'recovery_executed', 'DWA_new_plan', 'DWA_failed', 'yaw_goal_tolerance']",-10.949711962799569,-43.87164278905039,17.491285879744105
"['Battery_percentage', 'Traveled_distance', 'RNS', 'recovery_executed', 'DWA_new_plan', 'DWA_failed', 'Update_frequency_local']",0.09177763013845208,-0.46779327215830335,1.9258300053250665
"['Battery_percentage', 'Traveled_distance', 'RNS', 'recovery_executed', 'DWA_new_plan', 'DWA_failed', 'xy_goal_tolerance']",5.32597342687788,-1.5739598123095562,19.629101641560972
"['Battery_percentage', 'Traveled_distance', 'RNS', 'DWA_failed', 'Occdist_scale']",-432.6076788200718,-471.8241780734921,-326.20142795630824
"['Battery_percentage', 'Traveled_distance', 'RNS', 'DWA_failed', 'yaw_goal_tolerance']",-10.949711962799569,-32.5534964758683,22.37079692529375
"['Battery_percentage', 'Traveled_distance', 'RNS', 'DWA_failed', 'Update_frequency_local']",0.09177763013845208,-1.0595776844395928,0.9061025359664668
"['Battery_percentage', 'Traveled_distance', 'RNS', 'DWA_failed', 'xy_goal_tolerance']",5.32597342687788,-11.417645343499766,12.810822896924922
"['Battery_percentage', 'Traveled_distance', 'RNS', 'Error_rotating_goal', 'Combination_method_local']",1.1545047489824043,0.44930282244337433,5.187295476040263
"['Battery_percentage', 'Traveled_distance', 'RNS', 'Error_rotating_goal', 'Transform_tolerance_global']",-0.587501099957322,-0.42797772171210796,1.9196464223774838
"['Battery_percentage', 'Traveled_distance', 'RNS', 'Error_rotating_goal', 'Update_frequency_local']",0.09177763013845208,-0.7664463790449261,1.571700509256449
"['Battery_percentage', 'Traveled_distance', 'RNS', 'Error_rotating_goal', 'Path_distance_bias']",-5.585639766620503,-11.393691813670461,-2.110447876277972
"['Battery_percentage', 'Traveled_distance', 'RNS', 'Error_rotating_goal', 'Publish_frequency_global']",-1.2118640131159424,-2.263120112337435,-0.9139261291799656
"['Battery_percentage', 'Traveled_distance', 'RNS', 'Error_rotating_goal', 'yaw_goal_tolerance']",-10.949711962799569,-59.70628545163645,-21.381472853373886
"['Battery_percentage', 'Traveled_distance', 'RNS', 'Error_rotating_goal', 'DWA_new_plan', 'xy_goal_tolerance']",5.32597342687788,-14.170215890640705,4.128457142174545
"['Battery_percentage', 'Traveled_distance', 'RNS', 'Error_rotating_goal', 'DWA_new_plan', 'min_vel_x']",0.2078508329125981,-11.960367444255581,15.08294516501878
"['Battery_percentage', 'Traveled_distance', 'RNS', 'Error_rotating_goal', 'DWA_new_plan', 'Occdist_scale']",-432.6076788200718,-460.5431082085896,-365.7081797958452
"['Battery_percentage', 'Traveled_distance', 'RNS', 'Error_rotating_goal', 'DWA_new_plan', 'DWA_failed', 'Occdist_scale']",-432.6076788200718,-544.4125503748595,-353.746016784906
"['Battery_percentage', 'Traveled_distance', 'RNS', 'Error_rotating_goal', 'DWA_new_plan', 'DWA_failed', 'yaw_goal_tolerance']",-10.949711962799569,-42.694965791827435,3.067079919085062
"['Battery_percentage', 'Traveled_distance', 'RNS', 'Error_rotating_goal', 'DWA_new_plan', 'DWA_failed', 'Update_frequency_local']",0.09177763013845208,-0.3782491082457852,1.5721622644725073
"['Battery_percentage', 'Traveled_distance', 'RNS', 'Error_rotating_goal', 'DWA_new_plan', 'DWA_failed', 'xy_goal_tolerance']",5.32597342687788,10.963825062467002,47.012865778097556
"['Battery_percentage', 'Traveled_distance', 'Combination_method_local']",1.1545047489824043,-0.8593737009118527,1.0987628204497752
"['Battery_percentage', 'Traveled_distance', 'Update_frequency_global']",-0.4217964533538776,-0.728912404402233,1.4058816430794792
"['Battery_percentage', 'Traveled_distance', 'DWA_failed', 'Occdist_scale']",-432.6076788200718,-619.995046306137,-260.1977227210208
"['Battery_percentage', 'Traveled_distance', 'DWA_failed', 'yaw_goal_tolerance']",-10.949711962799569,-39.83410331751802,-5.078095525292183
"['Battery_percentage', 'Traveled_distance', 'DWA_failed', 'Update_frequency_local']",0.09177763013845208,-1.147097339996843,1.3644293074973946
"['Battery_percentage', 'Traveled_distance', 'DWA_failed', 'xy_goal_tolerance']",5.32597342687788,-7.232344212865257,19.399417826284495
"['Battery_percentage', 'Traveled_distance', 'Transform_tolerance_local']",-3.4798710588647026,-5.871327458942131,-2.4634582644730245
"['Battery_percentage', 'Traveled_distance', 'Cost_scaling_factor_local']",0.7403909364279713,0.7209231589875842,0.8486773513953466
"['Battery_percentage', 'Traveled_distance', 'Publish_frequency_global']",-1.2118640131159424,-1.990002311657254,0.3207352212917796
"['Battery_percentage', 'RNS', 'recovery_executed', 'Occdist_scale']",-432.6076788200718,-484.5978207737154,-353.5233325452052
"['Battery_percentage', 'RNS', 'recovery_executed', 'Goal_distance_bias']",14.908044622710719,5.0528221983602775,20.324176226496224
"['Battery_percentage', 'RNS', 'recovery_executed', 'DWA_new_plan', 'xy_goal_tolerance']",5.32597342687788,-16.276783607413492,11.278516806214157
"['Battery_percentage', 'RNS', 'recovery_executed', 'DWA_new_plan', 'min_vel_x']",0.2078508329125981,-3.8753213913433697,12.951382045958596
"['Battery_percentage', 'RNS', 'recovery_executed', 'DWA_new_plan', 'Occdist_scale']",-432.6076788200718,-525.531597342125,-258.88480243928063
"['Battery_percentage', 'RNS', 'recovery_executed', 'DWA_new_plan', 'DWA_failed', 'Occdist_scale']",-432.6076788200718,-632.1578286306516,-342.1823683637738
"['Battery_percentage', 'RNS', 'recovery_executed', 'DWA_new_plan', 'DWA_failed', 'yaw_goal_tolerance']",-10.949711962799569,-38.84056859131856,14.22840213163125
"['Battery_percentage', 'RNS', 'recovery_executed', 'DWA_new_plan', 'DWA_failed', 'Update_frequency_local']",0.09177763013845208,-0.9591162869035628,1.3461831028358389
"['Battery_percentage', 'RNS', 'recovery_executed', 'DWA_new_plan', 'DWA_failed', 'xy_goal_tolerance']",5.32597342687788,-16.554777033810716,21.092630237948814
"['Battery_percentage', 'RNS', 'DWA_failed', 'Occdist_scale']",-432.6076788200718,-504.695446534499,-410.4934974503705
"['Battery_percentage', 'RNS', 'DWA_failed', 'yaw_goal_tolerance']",-10.949711962799569,-36.995228172904184,9.001841761098811
"['Battery_percentage', 'RNS', 'DWA_failed', 'Update_frequency_local']",0.09177763013845208,0.08265699961553992,0.8974590769389109
"['Battery_percentage', 'RNS', 'DWA_failed', 'xy_goal_tolerance']",5.32597342687788,-14.285908874916503,16.797763287319068
"['Battery_percentage', 'RNS', 'Error_rotating_goal', 'Combination_method_local']",1.1545047489824043,-1.0963470198676304,5.740112075853007
"['Battery_percentage', 'RNS', 'Error_rotating_goal', 'Transform_tolerance_global']",-0.587501099957322,-2.1175987707583714,3.0983603929944574
"['Battery_percentage', 'RNS', 'Error_rotating_goal', 'Update_frequency_local']",0.09177763013845208,-1.7141206476078679,1.6979403889778055
"['Battery_percentage', 'RNS', 'Error_rotating_goal', 'Path_distance_bias']",-5.585639766620503,-14.136904330984546,-5.947174913298587
"['Battery_percentage', 'RNS', 'Error_rotating_goal', 'Publish_frequency_global']",-1.2118640131159424,-3.02475686035917,-2.0663209136242386
"['Battery_percentage', 'RNS', 'Error_rotating_goal', 'yaw_goal_tolerance']",-10.949711962799569,-32.05958032319673,33.29531986509421
"['Battery_percentage', 'RNS', 'Error_rotating_goal', 'DWA_new_plan', 'xy_goal_tolerance']",5.32597342687788,-0.21652504708694797,28.65678361290444
"['Battery_percentage', 'RNS', 'Error_rotating_goal', 'DWA_new_plan', 'min_vel_x']",0.2078508329125981,-7.768347849436229,10.68860270380984
"['Battery_percentage', 'RNS', 'Error_rotating_goal', 'DWA_new_plan', 'Occdist_scale']",-432.6076788200718,-614.1143245668084,-423.2174196859692
"['Battery_percentage', 'RNS', 'Error_rotating_goal', 'DWA_new_plan', 'DWA_failed', 'Occdist_scale']",-432.6076788200718,-532.1948526484075,-376.3051750185681
"['Battery_percentage', 'RNS', 'Error_rotating_goal', 'DWA_new_plan', 'DWA_failed', 'yaw_goal_tolerance']",-10.949711962799569,-39.54636826186249,36.8703183737143
"['Battery_percentage', 'RNS', 'Error_rotating_goal', 'DWA_new_plan', 'DWA_failed', 'Update_frequency_local']",0.09177763013845208,-1.420344870807162,1.6530173981931098
"['Battery_percentage', 'RNS', 'Error_rotating_goal', 'DWA_new_plan', 'DWA_failed', 'xy_goal_tolerance']",5.32597342687788,-3.752520813495907,24.061618394599922
"['Battery_percentage', 'Occdist_scale']",-432.6076788200718,-411.57083477447657,-252.19127575445603
"['Battery_percentage', 'Goal_distance_bias']",14.908044622710719,13.683558755983288,23.488974166638453
"['Battery_percentage', 'yaw_goal_tolerance']",-10.949711962799569,-43.14931646451371,8.496674146015279
"['Battery_percentage', 'xy_goal_tolerance']",5.32597342687788,-12.940955559747024,14.14566423293158
"['Battery_percentage', 'Error_rotating_goal', 'Combination_method_local']",1.1545047489824043,-0.8285133978256439,2.7964916031898257
"['Battery_percentage', 'Error_rotating_goal', 'Transform_tolerance_global']",-0.587501099957322,-3.175591897803467,-0.11745316753105475
"['Battery_percentage', 'Error_rotating_goal', 'Update_frequency_local']",0.09177763013845208,-0.8790966256167266,0.7030032271591438
"['Battery_percentage', 'Error_rotating_goal', 'Path_distance_bias']",-5.585639766620503,-8.888253745861203,1.4770153540326574
"['Battery_percentage', 'Error_rotating_goal', 'Publish_frequency_global']",-1.2118640131159424,-3.4487974723941006,-0.8004210502944872
"['Battery_percentage', 'Error_rotating_goal', 'yaw_goal_tolerance']",-10.949711962799569,-33.85530879811117,44.2583417704617
"['Battery_percentage', 'Error_rotating_goal', 'DWA_new_plan', 'xy_goal_tolerance']",5.32597342687788,-6.29623717789791,19.67805476451452
"['Battery_percentage', 'Error_rotating_goal', 'DWA_new_plan', 'min_vel_x']",0.2078508329125981,-16.298892511969008,34.221501993487394
"['Battery_percentage', 'Error_rotating_goal', 'DWA_new_plan', 'Occdist_scale']",-432.6076788200718,-496.5008768675996,-381.3845110828167
"['Battery_percentage', 'Error_rotating_goal', 'DWA_new_plan', 'DWA_failed', 'Occdist_scale']",-432.6076788200718,-456.45461720417325,-312.8383718974606
"['Battery_percentage', 'Error_rotating_goal', 'DWA_new_plan', 'DWA_failed', 'yaw_goal_tolerance']",-10.949711962799569,-24.488969305908398,38.02810849921809
"['Battery_percentage', 'Error_rotating_goal', 'DWA_new_plan', 'DWA_failed', 'Update_frequency_local']",0.09177763013845208,-1.0175944129939936,1.669009353675125
"['Battery_percentage', 'Error_rotating_goal', 'DWA_new_plan', 'DWA_failed', 'xy_goal_tolerance']",5.32597342687788,-11.787049538254596,19.433328546535762
"['Battery_percentage', 'Combination_method_local']",1.1545047489824043,-1.8101130739025648,5.617858283170833
"['Battery_percentage', 'Publish_frequency_local']",0.6887184576127083,-0.06364427778539294,2.429996438584412
"['Battery_percentage', 'Transform_tolerance_global']",-0.587501099957322,-1.980902433841777,-0.8356118451087824
"['Battery_percentage', 'Transform_tolerance_local']",-3.4798710588647026,-6.98933204074707,-2.8340222060187075
"['Battery_percentage', 'min_vel_x']",0.2078508329125981,-0.5712290719087534,10.259566033081043
"['Battery_percentage', 'Update_frequency_global']",-0.4217964533538776,-1.4502376705017042,1.104307109375287
"['Battery_percentage', 'Update_frequency_local']",0.09177763013845208,-0.7011634558367419,0.32018287302612836
"['Battery_percentage', 'Cost_scaling_factor_global']",-0.16732292327706944,-0.384467532111357,0.026605665063931378
"['Battery_percentage', 'DWA_failed', 'Occdist_scale']",-432.6076788200718,-580.8964590689588,-293.05639349842636
"['Battery_percentage', 'DWA_failed', 'yaw_goal_tolerance']",-10.949711962799569,-26.470314190270418,5.418769478869242
"['Battery_percentage', 'DWA_failed', 'Update_frequency_local']",0.09177763013845208,-0.7141604746435334,1.3492007760048423
"['Battery_percentage', 'DWA_failed', 'xy_goal_tolerance']",5.32597342687788,-23.404114274671663,18.01138988012339
"['Mission_success', 'Error_rotating_goal', 'Combination_method_local']",-0.08813686951135315,-0.12618765801257859,0.19940469593481705
"['Mission_success', 'Error_rotating_goal', 'Transform_tolerance_global']",0.018811268739814313,-0.1222484388539715,0.20287530647818036
"['Mission_success', 'Error_rotating_goal', 'Update_frequency_local']",-0.004614519663494042,-0.1749481841250775,-0.024779090758179488
"['Mission_success', 'Error_rotating_goal', 'Path_distance_bias']",0.027777146305368473,-0.5923460438794128,0.39344941185752025
"['Mission_success', 'Error_rotating_goal', 'Publish_frequency_global']",0.02239321707559671,-0.06052471131644942,0.17764643623277632
"['Mission_success', 'Error_rotating_goal', 'yaw_goal_tolerance']",0.015739124527813272,-2.551287824288615,3.0103150326786623
"['Mission_success', 'Error_rotating_goal', 'DWA_new_plan', 'xy_goal_tolerance']",2.6625744664790925,2.0104407197090897,3.7637326489320637
"['Mission_success', 'Error_rotating_goal', 'DWA_new_plan', 'min_vel_x']",-4.3549435731874375,-6.31440461048856,-2.4726110441391715
"['Mission_success', 'Error_rotating_goal', 'DWA_new_plan', 'Occdist_scale']",-28.068356929628095,-37.425722909511244,-21.42112383829686
"['Mission_success', 'Error_rotating_goal', 'DWA_new_plan', 'DWA_failed', 'Occdist_scale']",-28.068356929628095,-40.62169436544226,-13.536127155626005
"['Mission_success', 'Error_rotating_goal', 'DWA_new_plan', 'DWA_failed', 'yaw_goal_tolerance']",0.015739124527813272,-0.12427890669926146,1.4041176611835942
"['Mission_success', 'Error_rotating_goal', 'DWA_new_plan', 'DWA_failed', 'Update_frequency_local']",-0.004614519663494042,-0.15795701325898692,0.010911873759532847
"['Mission_success', 'Error_rotating_goal', 'DWA_new_plan', 'DWA_failed', 'xy_goal_tolerance']",2.6625744664790925,1.4178870628885927,4.078989073775156
"['Mission_success', 'recovery_executed', 'Occdist_scale']",-28.068356929628095,-43.74677353702648,-19.45030109399611
"['Mission_success', 'recovery_executed', 'Goal_distance_bias']",1.1136101789850652,0.9019193495719008,1.5557749157823213
"['Mission_success', 'recovery_executed', 'DWA_new_plan', 'xy_goal_tolerance']",2.6625744664790925,0.9661144096211692,4.675900276332532
"['Mission_success', 'recovery_executed', 'DWA_new_plan', 'min_vel_x']",-4.3549435731874375,-4.787161225679281,-3.142725734848038
"['Mission_success', 'recovery_executed', 'DWA_new_plan', 'Occdist_scale']",-28.068356929628095,-37.12363291401324,-19.42999216895595
"['Mission_success', 'recovery_executed', 'DWA_new_plan', 'DWA_failed', 'Occdist_scale']",-28.068356929628095,-34.752640964038214,-10.95594940118576
"['Mission_success', 'recovery_executed', 'DWA_new_plan', 'DWA_failed', 'yaw_goal_tolerance']",0.015739124527813272,-1.106438675485775,3.155084714310459
"['Mission_success', 'recovery_executed', 'DWA_new_plan', 'DWA_failed', 'Update_frequency_local']",-0.004614519663494042,-0.07061820854682273,0.10068874213597875
"['Mission_success', 'recovery_executed', 'DWA_new_plan', 'DWA_failed', 'xy_goal_tolerance']",2.6625744664790925,-0.0901825152390626,3.589432801199118
"['Mission_success', 'Mission_time', 'Transform_tolerance_local']",-0.48065972383956057,-0.7960613235210678,-0.3525670980839629
"['Mission_success', 'Mission_time', 'yaw_goal_tolerance']",0.015739124527813272,-1.6459112658111474,2.824467627120866
"['Mission_success', 'Mission_time', 'Cost_scaling_factor_global']",-0.02628710621815188,-0.05127077034903721,-0.029952303915999075
"['Mission_success', 'Mission_time', 'Occdist_scale']",-28.068356929628095,-38.78208141586959,-19.319006345212113
"['Mission_success', 'Mission_time', 'Path_distance_bias']",0.027777146305368473,-1.0551113565678119,1.0691692823510002
"['Mission_success', 'Mission_time', 'Goal_distance_bias']",1.1136101789850652,0.7611614197953922,1.580427243081595
"['Mission_success', 'Mission_time', 'Combination_method_global']",0.0028841551798629694,-0.32627097618520556,0.13747359484512453
"['Mission_success', 'Mission_time', 'Cost_scaling_factor_local']",0.028219242679078986,0.008245083024086101,0.0474099051164548
"['Mission_success', 'Mission_time', 'recovery_executed', 'Occdist_scale']",-28.068356929628095,-42.104348351155465,-19.96450939013321
"['Mission_success', 'Mission_time', 'recovery_executed', 'Goal_distance_bias']",1.1136101789850652,0.447264578191514,1.9745851232956295
"['Mission_success', 'Mission_time', 'recovery_executed', 'DWA_new_plan', 'xy_goal_tolerance']",2.6625744664790925,2.354099383304557,4.316112575790121
"['Mission_success', 'Mission_time', 'recovery_executed', 'DWA_new_plan', 'min_vel_x']",-4.3549435731874375,-4.187700764735257,-2.9270291580260146
"['Mission_success', 'Mission_time', 'recovery_executed', 'DWA_new_plan', 'Occdist_scale']",-28.068356929628095,-33.27100662388554,-20.68595717117324
"['Mission_success', 'Mission_time', 'recovery_executed', 'DWA_new_plan', 'DWA_failed', 'Occdist_scale']",-28.068356929628095,-37.236879815776746,-13.310515008649684
"['Mission_success', 'Mission_time', 'recovery_executed', 'DWA_new_plan', 'DWA_failed', 'yaw_goal_tolerance']",0.015739124527813272,-2.551143602267211,2.715271712240357
"['Mission_success', 'Mission_time', 'recovery_executed', 'DWA_new_plan', 'DWA_failed', 'Update_frequency_local']",-0.004614519663494042,0.014682245067559347,0.14755617799576098
"['Mission_success', 'Mission_time', 'recovery_executed', 'DWA_new_plan', 'DWA_failed', 'xy_goal_tolerance']",2.6625744664790925,1.0088272280788408,3.076737684923073
"['Mission_success', 'Mission_time', 'Traveled_distance', 'Goal_distance_bias']",1.1136101789850652,1.201413469673155,1.5854276292337994
"['Mission_success', 'Mission_time', 'Traveled_distance', 'Publish_frequency_local']",0.051902626755356195,-0.08219949972416407,0.1613954204079055
"['Mission_success', 'Mission_time', 'Traveled_distance', 'RNS', 'recovery_executed', 'Occdist_scale']",-28.068356929628095,-34.385251269219495,-17.66003700774475
"['Mission_success', 'Mission_time', 'Traveled_distance', 'RNS', 'recovery_executed', 'Goal_distance_bias']",1.1136101789850652,0.5468066672325531,1.2067291598106258
"['Mission_success', 'Mission_time', 'Traveled_distance', 'RNS', 'recovery_executed', 'DWA_new_plan', 'xy_goal_tolerance']",2.6625744664790925,1.019995810656949,4.060017822643149
"['Mission_success', 'Mission_time', 'Traveled_distance', 'RNS', 'recovery_executed', 'DWA_new_plan', 'min_vel_x']",-4.3549435731874375,-5.331876079047518,-2.508902557522745
"['Mission_success', 'Mission_time', 'Traveled_distance', 'RNS', 'recovery_executed', 'DWA_new_plan', 'Occdist_scale']",-28.068356929628095,-34.9840437187246,-19.64989928664174
"['Mission_success', 'Mission_time', 'Traveled_distance', 'RNS', 'recovery_executed', 'DWA_new_plan', 'DWA_failed', 'Occdist_scale']",-28.068356929628095,-26.613790914182225,-15.934603324281408
"['Mission_success', 'Mission_time', 'Traveled_distance', 'RNS', 'recovery_executed', 'DWA_new_plan', 'DWA_failed', 'yaw_goal_tolerance']",0.015739124527813272,-1.4379108123112325,5.336650329746227
"['Mission_success', 'Mission_time', 'Traveled_distance', 'RNS', 'recovery_executed', 'DWA_new_plan', 'DWA_failed', 'Update_frequency_local']",-0.004614519663494042,-0.11446155627812846,0.21906129560968582
"['Mission_success', 'Mission_time', 'Traveled_distance', 'RNS', 'recovery_executed', 'DWA_new_plan', 'DWA_failed', 'xy_goal_tolerance']",2.6625744664790925,1.4251519037430351,4.021907095799684
"['Mission_success', 'Mission_time', 'Traveled_distance', 'RNS', 'DWA_failed', 'Occdist_scale']",-28.068356929628095,-31.556589262269586,-19.939871426632525
"['Mission_success', 'Mission_time', 'Traveled_distance', 'RNS', 'DWA_failed', 'yaw_goal_tolerance']",0.015739124527813272,-3.7514687604540504,4.4543932215961375
"['Mission_success', 'Mission_time', 'Traveled_distance', 'RNS', 'DWA_failed', 'Update_frequency_local']",-0.004614519663494042,-0.013809114239551513,0.17854800376368402
"['Mission_success', 'Mission_time', 'Traveled_distance', 'RNS', 'DWA_failed', 'xy_goal_tolerance']",2.6625744664790925,0.8502737069858903,4.541462560234943
"['Mission_success', 'Mission_time', 'Traveled_distance', 'RNS', 'Error_rotating_goal', 'Combination_method_local']",-0.08813686951135315,-0.4921874510086261,-0.014313305734382577
"['Mission_success', 'Mission_time', 'Traveled_distance', 'RNS', 'Error_rotating_goal', 'Transform_tolerance_global']",0.018811268739814313,-0.180129296278882,0.4742820020705295
"['Mission_success', 'Mission_time', 'Traveled_distance', 'RNS', 'Error_rotating_goal', 'Update_frequency_local']",-0.004614519663494042,-0.14612895191976044,0.025363226470149984
"['Mission_success', 'Mission_time', 'Traveled_distance', 'RNS', 'Error_rotating_goal', 'Path_distance_bias']",0.027777146305368473,-0.3062648354393196,0.43236012112051087
"['Mission_success', 'Mission_time', 'Traveled_distance', 'RNS', 'Error_rotating_goal', 'Publish_frequency_global']",0.02239321707559671,-0.0076526598880929326,0.07433851024804879
"['Mission_success', 'Mission_time', 'Traveled_distance', 'RNS', 'Error_rotating_goal', 'yaw_goal_tolerance']",0.015739124527813272,-2.309558692613907,2.514731162953969
"['Mission_success', 'Mission_time', 'Traveled_distance', 'RNS', 'Error_rotating_goal', 'DWA_new_plan', 'xy_goal_tolerance']",2.6625744664790925,2.1077588819075377,4.096100711123716
"['Mission_success', 'Mission_time', 'Traveled_distance', 'RNS', 'Error_rotating_goal', 'DWA_new_plan', 'min_vel_x']",-4.3549435731874375,-7.08194431341916,-2.7520526940036376
"['Mission_success', 'Mission_time', 'Traveled_distance', 'RNS', 'Error_rotating_goal', 'DWA_new_plan', 'Occdist_scale']",-28.068356929628095,-32.720565733388696,-18.61930734400913
"['Mission_success', 'Mission_time', 'Traveled_distance', 'RNS', 'Error_rotating_goal', 'DWA_new_plan', 'DWA_failed', 'Occdist_scale']",-28.068356929628095,-38.0323323817435,-15.97950283950426
"['Mission_success', 'Mission_time', 'Traveled_distance', 'RNS', 'Error_rotating_goal', 'DWA_new_plan', 'DWA_failed', 'yaw_goal_tolerance']",0.015739124527813272,-1.8874053064798373,1.4667489650929963
"['Mission_success', 'Mission_time', 'Traveled_distance', 'RNS', 'Error_rotating_goal', 'DWA_new_plan', 'DWA_failed', 'Update_frequency_local']",-0.004614519663494042,-0.1324150382121603,0.11597072914190137
"['Mission_success', 'Mission_time', 'Traveled_distance', 'RNS', 'Error_rotating_goal', 'DWA_new_plan', 'DWA_failed', 'xy_goal_tolerance']",2.6625744664790925,2.182380105062433,4.697000344703772
"['Mission_success', 'Mission_time', 'Traveled_distance', 'Combination_method_local']",-0.08813686951135315,-0.3054022201103496,0.07713368515373942
"['Mission_success', 'Mission_time', 'Traveled_distance', 'Update_frequency_global']",-0.012698937022163332,-0.039002552283078515,0.07985394102628154
"['Mission_success', 'Mission_time', 'Traveled_distance', 'DWA_failed', 'Occdist_scale']",-28.068356929628095,-48.59276660157047,-19.943206057927142
"['Mission_success', 'Mission_time', 'Traveled_distance', 'DWA_failed', 'yaw_goal_tolerance']",0.015739124527813272,-2.4983415173266756,2.2894866904829168
"['Mission_success', 'Mission_time', 'Traveled_distance', 'DWA_failed', 'Update_frequency_local']",-0.004614519663494042,-0.18102110818744324,0.08931315917224777
"['Mission_success', 'Mission_time', 'Traveled_distance', 'DWA_failed', 'xy_goal_tolerance']",2.6625744664790925,1.611985996587214,3.295157873223941
"['Mission_success', 'Mission_time', 'Traveled_distance', 'Transform_tolerance_local']",-0.48065972383956057,-0.6609262638423588,-0.06455983099424899
"['Mission_success', 'Mission_time', 'Traveled_distance', 'Cost_scaling_factor_local']",0.028219242679078986,0.0042775489601464215,0.05140547151588532
"['Mission_success', 'Mission_time', 'Traveled_distance', 'Publish_frequency_global']",0.02239321707559671,-0.03584422590339418,0.08640451277141417
"['Mission_success', 'DWA_new_plan', 'xy_goal_tolerance']",2.6625744664790925,1.412709608111196,3.0030587919919127
"['Mission_success', 'DWA_new_plan', 'min_vel_x']",-4.3549435731874375,-7.358698653620495,-1.2324632394735129
"['Mission_success', 'DWA_new_plan', 'Occdist_scale']",-28.068356929628095,-37.64290325492241,-12.78782531476952
"['Mission_success', 'DWA_new_plan', 'DWA_failed', 'Occdist_scale']",-28.068356929628095,-31.718207707985382,-11.459410819376199
"['Mission_success', 'DWA_new_plan', 'DWA_failed', 'yaw_goal_tolerance']",0.015739124527813272,-2.8042908763651,0.31046083488354953
"['Mission_success', 'DWA_new_plan', 'DWA_failed', 'Update_frequency_local']",-0.004614519663494042,-0.06413104514552785,0.11660251145748345
"['Mission_success', 'DWA_new_plan', 'DWA_failed', 'xy_goal_tolerance']",2.6625744664790925,2.3962987547754877,3.1593156196184813
"['Mission_success', 'Occdist_scale']",-28.068356929628095,-45.62967935286077,-11.231376079878071
"['Mission_success', 'Goal_distance_bias']",1.1136101789850652,0.9404986577621232,1.344137733158061
"['Mission_success', 'yaw_goal_tolerance']",0.015739124527813272,-2.23809021541074,1.2004668923928332
"['Mission_success', 'xy_goal_tolerance']",2.6625744664790925,2.3899883491133793,4.826176826828059
"['Mission_success', 'Combination_method_local']",-0.08813686951135315,-0.21846470963156547,0.006634450842617774
"['Mission_success', 'Publish_frequency_local']",0.051902626755356195,0.0031087018504743734,0.21017046696435504
"['Mission_success', 'RNS', 'recovery_executed', 'Occdist_scale']",-28.068356929628095,-48.66613230080091,-15.992898434952318
"['Mission_success', 'RNS', 'recovery_executed', 'Goal_distance_bias']",1.1136101789850652,0.6184474762685314,1.4944489229909497
"['Mission_success', 'RNS', 'recovery_executed', 'DWA_new_plan', 'xy_goal_tolerance']",2.6625744664790925,1.9195139400752694,4.180960927628225
"['Mission_success', 'RNS', 'recovery_executed', 'DWA_new_plan', 'min_vel_x']",-4.3549435731874375,-6.353415419168973,-3.7040842007866597
"['Mission_success', 'RNS', 'recovery_executed', 'DWA_new_plan', 'Occdist_scale']",-28.068356929628095,-34.98499637382421,-16.851099966036454
"['Mission_success', 'RNS', 'recovery_executed', 'DWA_new_plan', 'DWA_failed', 'Occdist_scale']",-28.068356929628095,-38.20942519824345,-27.720991994833014
"['Mission_success', 'RNS', 'recovery_executed', 'DWA_new_plan', 'DWA_failed', 'yaw_goal_tolerance']",0.015739124527813272,-4.296875248734587,0.6444516455580683
"['Mission_success', 'RNS', 'recovery_executed', 'DWA_new_plan', 'DWA_failed', 'Update_frequency_local']",-0.004614519663494042,-0.20817557408823717,0.10299184639910097
"['Mission_success', 'RNS', 'recovery_executed', 'DWA_new_plan', 'DWA_failed', 'xy_goal_tolerance']",2.6625744664790925,0.9766413735676057,3.390652618413007
"['Mission_success', 'RNS', 'DWA_failed', 'Occdist_scale']",-28.068356929628095,-34.97822855897543,-20.26776399445729
"['Mission_success', 'RNS', 'DWA_failed', 'yaw_goal_tolerance']",0.015739124527813272,-5.027805156921943,1.7700117673946336
"['Mission_success', 'RNS', 'DWA_failed', 'Update_frequency_local']",-0.004614519663494042,0.0021921731277704413,0.1620762102666527
"['Mission_success', 'RNS', 'DWA_failed', 'xy_goal_tolerance']",2.6625744664790925,0.026191759614303062,3.3645721357315876
"['Mission_success', 'RNS', 'Error_rotating_goal', 'Combination_method_local']",-0.08813686951135315,-0.25735728237052097,0.08199051849060154
"['Mission_success', 'RNS', 'Error_rotating_goal', 'Transform_tolerance_global']",0.018811268739814313,-0.2623333076094307,0.06808833194403359
"['Mission_success', 'RNS', 'Error_rotating_goal', 'Update_frequency_local']",-0.004614519663494042,-0.05277108949793132,0.11283055263888328
"['Mission_success', 'RNS', 'Error_rotating_goal', 'Path_distance_bias']",0.027777146305368473,-0.34763488904676304,0.40716363642378356
"['Mission_success', 'RNS', 'Error_rotating_goal', 'Publish_frequency_global']",0.02239321707559671,-0.1424119654808078,0.06525073053646382
"['Mission_success', 'RNS', 'Error_rotating_goal', 'yaw_goal_tolerance']",0.015739124527813272,-2.5970547354575113,2.5475824272578262
"['Mission_success', 'RNS', 'Error_rotating_goal', 'DWA_new_plan', 'xy_goal_tolerance']",2.6625744664790925,3.156306349651687,4.4670098542122885
"['Mission_success', 'RNS', 'Error_rotating_goal', 'DWA_new_plan', 'min_vel_x']",-4.3549435731874375,-6.81016209700857,-3.8295909825437215
"['Mission_success', 'RNS', 'Error_rotating_goal', 'DWA_new_plan', 'Occdist_scale']",-28.068356929628095,-25.74673936858347,-13.27479896596266
"['Mission_success', 'RNS', 'Error_rotating_goal', 'DWA_new_plan', 'DWA_failed', 'Occdist_scale']",-28.068356929628095,-37.46370406100124,-15.573775745488382
"['Mission_success', 'RNS', 'Error_rotating_goal', 'DWA_new_plan', 'DWA_failed', 'yaw_goal_tolerance']",0.015739124527813272,-4.052742456283568,0.3641591233198122
"['Mission_success', 'RNS', 'Error_rotating_goal', 'DWA_new_plan', 'DWA_failed', 'Update_frequency_local']",-0.004614519663494042,-0.1459519965074271,0.08580165419125194
"['Mission_success', 'RNS', 'Error_rotating_goal', 'DWA_new_plan', 'DWA_failed', 'xy_goal_tolerance']",2.6625744664790925,0.1604537947866369,3.196305429155167
"['Mission_success', 'Transform_tolerance_global']",0.018811268739814313,-0.09570622546894532,0.29762535058475165
"['Mission_success', 'Transform_tolerance_local']",-0.48065972383956057,-0.5072966849113902,-0.33610767080651516
"['Mission_success', 'min_vel_x']",-4.3549435731874375,-5.813384812255832,-3.610986192692219
"['Mission_success', 'Update_frequency_global']",-0.012698937022163332,-0.12229184391301293,0.003404074104820612
"['Mission_success', 'Update_frequency_local']",-0.004614519663494042,-0.08005792592627235,0.13778502133745227
"['Mission_success', 'Cost_scaling_factor_global']",-0.02628710621815188,-0.0513143695943821,-0.002966701148394505
"['Mission_success', 'DWA_failed', 'Occdist_scale']",-28.068356929628095,-45.0929448385013,-23.133167337865217
"['Mission_success', 'DWA_failed', 'yaw_goal_tolerance']",0.015739124527813272,-2.3222353866023595,2.4865249260575384
"['Mission_success', 'DWA_failed', 'Update_frequency_local']",-0.004614519663494042,-0.14162133422543766,0.14983832083269508
"['Mission_success', 'DWA_failed', 'xy_goal_tolerance']",2.6625744664790925,1.340493686010588,4.764247943761333
