"['Battery_percentage', 'Mission_time', 'Transform_tolerance_local']",-0.24753728629838287,1.3296060985796592,-1.0820688122812758
"['Battery_percentage', 'Mission_time', 'yaw_goal_tolerance']",-0.7715786573081239,1.4121907032098175,-0.6406120459016937
"['Battery_percentage', 'Mission_time', 'Cost_scaling_factor_global']",-0.43442659028041014,1.382741138326717,-0.9483145480463069
"['Battery_percentage', 'Mission_time', 'Occdist_scale']",-0.15112507255890453,1.2932944071496573,-1.1421693345907526
"['Battery_percentage', 'Mission_time', 'Path_distance_bias']",-0.4145445431753306,1.3782183063359226,-0.9636737631605924
"['Battery_percentage', 'Mission_time', 'Goal_distance_bias']",0.37264046244872717,-1.3677830170578822,0.9951425546091551
"['Battery_percentage', 'Mission_time', 'Combination_method_global']",-1.2632012171643037,1.1822747533501499,0.08092646381415293
"['Battery_percentage', 'Mission_time', 'Cost_scaling_factor_local']",-0.13714733574641225,-1.1503984221367527,1.287545757883164
"['Battery_percentage', 'Mission_time', 'recovery_executed', 'Occdist_scale']",0.1338109392717659,1.1523446992787687,-1.2861556385505342
"['Battery_percentage', 'Mission_time', 'recovery_executed', 'Goal_distance_bias']",-0.22897903583798546,-1.0940949643825264,1.3230740002205108
"['Battery_percentage', 'Mission_time', 'recovery_executed', 'DWA_new_plan', 'xy_goal_tolerance']",-1.1396548927082357,-0.15535531967430558,1.2950102123825409
"['Battery_percentage', 'Mission_time', 'recovery_executed', 'DWA_new_plan', 'min_vel_x']",-0.9738105061279195,1.375032396898762,-0.401221890770843
"['Battery_percentage', 'Mission_time', 'recovery_executed', 'DWA_new_plan', 'Occdist_scale']",-0.5856517266570685,1.4076168936556064,-0.8219651669985385
"['Battery_percentage', 'Mission_time', 'recovery_executed', 'DWA_new_plan', 'DWA_failed', 'Occdist_scale']",0.33371363644868274,1.0233013253163177,-1.3570149617649998
"['Battery_percentage', 'Mission_time', 'recovery_executed', 'DWA_new_plan', 'DWA_failed', 'yaw_goal_tolerance']",-1.1816402473737098,1.2637203721189298,-0.08208012474522002
"['Battery_percentage', 'Mission_time', 'recovery_executed', 'DWA_new_plan', 'DWA_failed', 'Update_frequency_local']",-1.2050570771141744,-0.03846918427255095,1.2435262613867255
"['Battery_percentage', 'Mission_time', 'recovery_executed', 'DWA_new_plan', 'DWA_failed', 'xy_goal_tolerance']",-0.7771147810842559,-0.6347067311611967,1.4118215122454525
"['Battery_percentage', 'Mission_time', 'Traveled_distance', 'Goal_distance_bias']",-0.05490311694661685,-1.1963700117779108,1.2512731287245276
"['Battery_percentage', 'Mission_time', 'Traveled_distance', 'Publish_frequency_local']",-1.3813485042315916,0.4281723808979716,0.9531761233336196
"['Battery_percentage', 'Mission_time', 'Traveled_distance', 'RNS', 'recovery_executed', 'Occdist_scale']",0.07426434488971276,1.1859228571055616,-1.2601872019952762
"['Battery_percentage', 'Mission_time', 'Traveled_distance', 'RNS', 'recovery_executed', 'Goal_distance_bias']",-0.6294667085848829,-0.7820021412065818,1.411468849791463
"['Battery_percentage', 'Mission_time', 'Traveled_distance', 'RNS', 'recovery_executed', 'DWA_new_plan', 'xy_goal_tolerance']",-0.5723415405242089,-0.8337930107338625,1.406134551258071
"['Battery_percentage', 'Mission_time', 'Traveled_distance', 'RNS', 'recovery_executed', 'DWA_new_plan', 'min_vel_x']",-1.0261227862864988,1.3558567541875093,-0.3297339679010102
"['Battery_percentage', 'Mission_time', 'Traveled_distance', 'RNS', 'recovery_executed', 'DWA_new_plan', 'Occdist_scale']",-0.013206470731096643,1.2312947033884623,-1.2180882326573668
"['Battery_percentage', 'Mission_time', 'Traveled_distance', 'RNS', 'recovery_executed', 'DWA_new_plan', 'DWA_failed', 'Occdist_scale']",0.4793413775457368,0.9125766296572576,-1.3919180072029944
"['Battery_percentage', 'Mission_time', 'Traveled_distance', 'RNS', 'recovery_executed', 'DWA_new_plan', 'DWA_failed', 'yaw_goal_tolerance']",-0.9045793299971674,1.393725895874795,-0.4891465658776273
"['Battery_percentage', 'Mission_time', 'Traveled_distance', 'RNS', 'recovery_executed', 'DWA_new_plan', 'DWA_failed', 'Update_frequency_local']",-0.7079787701530199,-0.7062344336332298,1.4142132037862498
"['Battery_percentage', 'Mission_time', 'Traveled_distance', 'RNS', 'recovery_executed', 'DWA_new_plan', 'DWA_failed', 'xy_goal_tolerance']",-0.42981501807515987,-0.9519019388491723,1.381716956924332
"['Battery_percentage', 'Mission_time', 'Traveled_distance', 'RNS', 'DWA_failed', 'Occdist_scale']",-0.6910088871539701,1.4140923147441973,-0.7230834275902263
"['Battery_percentage', 'Mission_time', 'Traveled_distance', 'RNS', 'DWA_failed', 'yaw_goal_tolerance']",-0.26563958350764805,1.3357648066050483,-1.0701252230974005
"['Battery_percentage', 'Mission_time', 'Traveled_distance', 'RNS', 'DWA_failed', 'Update_frequency_local']",-0.9945281135610168,-0.3734743502640954,1.3680024638251123
"['Battery_percentage', 'Mission_time', 'Traveled_distance', 'RNS', 'DWA_failed', 'xy_goal_tolerance']",-0.5538162835893822,-0.850019381617278,1.4038356652066601
"['Battery_percentage', 'Mission_time', 'Traveled_distance', 'RNS', 'Error_rotating_goal', 'Combination_method_local']",-1.302763423506378,1.127937686199482,0.17482573730689588
"['Battery_percentage', 'Mission_time', 'Traveled_distance', 'RNS', 'Error_rotating_goal', 'Transform_tolerance_global']",-0.5726462864288038,-0.833523798550175,1.4061700849789787
"['Battery_percentage', 'Mission_time', 'Traveled_distance', 'RNS', 'Error_rotating_goal', 'Update_frequency_local']",-1.2687074420059072,0.09325662255469877,1.1754508194512088
"['Battery_percentage', 'Mission_time', 'Traveled_distance', 'RNS', 'Error_rotating_goal', 'Path_distance_bias']",-0.2127919672670384,1.3171972406530053,-1.104405273385967
"['Battery_percentage', 'Mission_time', 'Traveled_distance', 'RNS', 'Error_rotating_goal', 'Publish_frequency_global']",-0.40704488559687513,1.3764401065038103,-0.9693952209069353
"['Battery_percentage', 'Mission_time', 'Traveled_distance', 'RNS', 'Error_rotating_goal', 'yaw_goal_tolerance']",-0.5910271347348685,1.4081748790455744,-0.8171477443107058
"['Battery_percentage', 'Mission_time', 'Traveled_distance', 'RNS', 'Error_rotating_goal', 'DWA_new_plan', 'xy_goal_tolerance']",-0.23399249465168814,1.3248603267383456,-1.0908678320866574
"['Battery_percentage', 'Mission_time', 'Traveled_distance', 'RNS', 'Error_rotating_goal', 'DWA_new_plan', 'min_vel_x']",-0.728309239517038,-0.6856902443645501,1.413999483881588
"['Battery_percentage', 'Mission_time', 'Traveled_distance', 'RNS', 'Error_rotating_goal', 'DWA_new_plan', 'Occdist_scale']",0.5060145779927504,0.8906543459044883,-1.3966689238972374
"['Battery_percentage', 'Mission_time', 'Traveled_distance', 'RNS', 'Error_rotating_goal', 'DWA_new_plan', 'DWA_failed', 'Occdist_scale']",-0.44180475674125597,1.3843483022066276,-0.9425435454653684
"['Battery_percentage', 'Mission_time', 'Traveled_distance', 'RNS', 'Error_rotating_goal', 'DWA_new_plan', 'DWA_failed', 'yaw_goal_tolerance']",-0.3769753085457074,1.3689185978524228,-0.9919432893067153
"['Battery_percentage', 'Mission_time', 'Traveled_distance', 'RNS', 'Error_rotating_goal', 'DWA_new_plan', 'DWA_failed', 'Update_frequency_local']",-1.3299276556103046,0.24846734146684088,1.0814603141434638
"['Battery_percentage', 'Mission_time', 'Traveled_distance', 'RNS', 'Error_rotating_goal', 'DWA_new_plan', 'DWA_failed', 'xy_goal_tolerance']",-0.541281212749945,-0.8608455784911802,1.402126791241125
"['Battery_percentage', 'Mission_time', 'Traveled_distance', 'Combination_method_local']",-0.3787460030951307,-0.9906327606648899,1.3693787637600205
"['Battery_percentage', 'Mission_time', 'Traveled_distance', 'Update_frequency_global']",-1.3130880757759176,1.1113514465142076,0.20173662926170904
"['Battery_percentage', 'Mission_time', 'Traveled_distance', 'DWA_failed', 'Occdist_scale']",0.8669519091873726,0.5341478309589832,-1.401099740146355
"['Battery_percentage', 'Mission_time', 'Traveled_distance', 'DWA_failed', 'yaw_goal_tolerance']",-1.2936908844479302,1.1415907520776807,0.15210013237024883
"['Battery_percentage', 'Mission_time', 'Traveled_distance', 'DWA_failed', 'Update_frequency_local']",-1.194518215814131,-0.05836629891162144,1.2528845147257524
"['Battery_percentage', 'Mission_time', 'Traveled_distance', 'DWA_failed', 'xy_goal_tolerance']",-0.4561653942312691,-0.9311993435584083,1.3873647377896776
"['Battery_percentage', 'Mission_time', 'Traveled_distance', 'Transform_tolerance_local']",-0.05998610229731021,1.2536356667224926,-1.1936495644251826
"['Battery_percentage', 'Mission_time', 'Traveled_distance', 'Cost_scaling_factor_local']",0.3095681545939615,-1.3498261971596934,1.0402580425657326
"['Battery_percentage', 'Mission_time', 'Traveled_distance', 'Publish_frequency_global']",0.15553773012370908,1.1395462177663234,-1.2950839478900322
"['Battery_percentage', 'Traveled_distance', 'Goal_distance_bias']",-0.0801450589196254,-1.1827040556725972,1.2628491145922225
"['Battery_percentage', 'Traveled_distance', 'Publish_frequency_local']",-0.3187613522309565,-1.0338474664636843,1.352608818694641
"['Battery_percentage', 'Traveled_distance', 'RNS', 'recovery_executed', 'Occdist_scale']",-0.085839359712768,1.2654063682268863,-1.1795670085141172
"['Battery_percentage', 'Traveled_distance', 'RNS', 'recovery_executed', 'Goal_distance_bias']",0.5071686946365476,-1.3968625008686222,0.8896938062320757
"['Battery_percentage', 'Traveled_distance', 'RNS', 'recovery_executed', 'DWA_new_plan', 'xy_goal_tolerance']",-0.2726073736571352,-1.0654716311368246,1.3380790047939595
"['Battery_percentage', 'Traveled_distance', 'RNS', 'recovery_executed', 'DWA_new_plan', 'min_vel_x']",-1.395987037111935,0.8939913352825353,0.5019957018293993
"['Battery_percentage', 'Traveled_distance', 'RNS', 'recovery_executed', 'DWA_new_plan', 'Occdist_scale']",0.5796592621353664,0.827307940973251,-1.4069672031086164
"['Battery_percentage', 'Traveled_distance', 'RNS', 'recovery_executed', 'DWA_new_plan', 'DWA_failed', 'Occdist_scale']",-0.9146513100573065,1.3914347149129043,-0.4767834048555989
"['Battery_percentage', 'Traveled_distance', 'RNS', 'recovery_executed', 'DWA_new_plan', 'DWA_failed', 'yaw_goal_tolerance']",-0.9243866583552354,1.3890870552277679,-0.46470039687253256
"['Battery_percentage', 'Traveled_distance', 'RNS', 'recovery_executed', 'DWA_new_plan', 'DWA_failed', 'Update_frequency_local']",-0.9313493298765072,-0.45597674384054016,1.3873260737170476
"['Battery_percentage', 'Traveled_distance', 'RNS', 'recovery_executed', 'DWA_new_plan', 'DWA_failed', 'xy_goal_tolerance']",-0.45210726739454543,-0.9344200902951227,1.3865273576896677
"['Battery_percentage', 'Traveled_distance', 'RNS', 'DWA_failed', 'Occdist_scale']",0.3640333144300781,1.0014569628918009,-1.365490277321879
"['Battery_percentage', 'Traveled_distance', 'RNS', 'DWA_failed', 'yaw_goal_tolerance']",-1.247463747934406,1.2006856400456327,0.04677810788877409
"['Battery_percentage', 'Traveled_distance', 'RNS', 'DWA_failed', 'Update_frequency_local']",-1.3987385213134629,0.8800565921035451,0.5186819292099176
"['Battery_percentage', 'Traveled_distance', 'RNS', 'DWA_failed', 'xy_goal_tolerance']",-1.3923913622732966,0.48187181242381977,0.910519549849478
"['Battery_percentage', 'Traveled_distance', 'RNS', 'Error_rotating_goal', 'Combination_method_local']",-0.5314166918086649,-0.8692794182369162,1.4006961100455813
"['Battery_percentage', 'Traveled_distance', 'RNS', 'Error_rotating_goal', 'Transform_tolerance_global']",-0.584477537592599,-0.8230143441952177,1.4074918817878164
"['Battery_percentage', 'Traveled_distance', 'RNS', 'Error_rotating_goal', 'Update_frequency_local']",-1.1871823171121065,-0.07195268631988545,1.259135003431992
"['Battery_percentage', 'Traveled_distance', 'RNS', 'Error_rotating_goal', 'Path_distance_bias']",-0.20305783998432758,1.3135832237325842,-1.1105253837482558
"['Battery_percentage', 'Traveled_distance', 'RNS', 'Error_rotating_goal', 'Publish_frequency_global']",-0.4339005685121145,1.3826250770193085,-0.9487245085071933
"['Battery_percentage', 'Traveled_distance', 'RNS', 'Error_rotating_goal', 'yaw_goal_tolerance']",-0.9411805809240286,1.3847206616720682,-0.44354008074803924
"['Battery_percentage', 'Traveled_distance', 'RNS', 'Error_rotating_goal', 'DWA_new_plan', 'xy_goal_tolerance']",-0.5691766234441383,1.4057611255619098,-0.8365845021177721
"['Battery_percentage', 'Traveled_distance', 'RNS', 'Error_rotating_goal', 'DWA_new_plan', 'min_vel_x']",-1.3859141017708765,0.44917112659023173,0.9367429751806453
"['Battery_percentage', 'Traveled_distance', 'RNS', 'Error_rotating_goal', 'DWA_new_plan', 'Occdist_scale']",0.3264096974095685,1.0284715050413775,-1.3548812024509447
"['Battery_percentage', 'Traveled_distance', 'RNS', 'Error_rotating_goal', 'DWA_new_plan', 'DWA_failed', 'Occdist_scale']",-0.14037691093086127,1.288884784399809,-1.1485078734689484
"['Battery_percentage', 'Traveled_distance', 'RNS', 'Error_rotating_goal', 'DWA_new_plan', 'DWA_failed', 'yaw_goal_tolerance']",-0.46440221887968314,1.3890277750750697,-0.9246255561953867
"['Battery_percentage', 'Traveled_distance', 'RNS', 'Error_rotating_goal', 'DWA_new_plan', 'DWA_failed', 'Update_frequency_local']",-0.9186647845845315,-0.4718181112103593,1.390482895794891
"['Battery_percentage', 'Traveled_distance', 'RNS', 'Error_rotating_goal', 'DWA_new_plan', 'DWA_failed', 'xy_goal_tolerance']",-0.8542434209344856,-0.5489423926236405,1.403185813558126
"['Battery_percentage', 'Traveled_distance', 'Combination_method_local']",0.9135438588239224,-1.3916934306642448,0.4781495718403206
"['Battery_percentage', 'Traveled_distance', 'Update_frequency_global']",-1.0469473385193553,-0.2998889196253342,1.3468362581446893
"['Battery_percentage', 'Traveled_distance', 'DWA_failed', 'Occdist_scale']",-0.03397878223333014,1.2413807018374055,-1.2074019196040773
"['Battery_percentage', 'Traveled_distance', 'DWA_failed', 'yaw_goal_tolerance']",-0.504981437312127,1.396494788132057,-0.8915133508199301
"['Battery_percentage', 'Traveled_distance', 'DWA_failed', 'Update_frequency_local']",-1.3960800412089753,0.5025396653529958,0.8935403758559791
"['Battery_percentage', 'Traveled_distance', 'DWA_failed', 'xy_goal_tolerance']",-0.8544820996548131,-0.548666351531517,1.40314845118633
"['Battery_percentage', 'Traveled_distance', 'Transform_tolerance_local']",-0.32085762152826186,1.3532354967071725,-1.0323778751789092
"['Battery_percentage', 'Traveled_distance', 'Cost_scaling_factor_local']",-0.5267998622032174,-0.8732008910373705,1.400000753240588
"['Battery_percentage', 'Traveled_distance', 'Publish_frequency_global']",0.0552254238931854,1.1961979819178066,-1.2514234058109928
"['Battery_percentage', 'RNS', 'recovery_executed', 'Occdist_scale']",0.16758750517964918,1.1323212999774657,-1.299908805157117
"['Battery_percentage', 'RNS', 'recovery_executed', 'Goal_distance_bias']",0.23406658606493835,-1.3248866057182145,1.0908200196532758
"['Battery_percentage', 'RNS', 'recovery_executed', 'DWA_new_plan', 'xy_goal_tolerance']",-1.2587284137640093,1.1876670684968773,0.07106134526713105
"['Battery_percentage', 'RNS', 'recovery_executed', 'DWA_new_plan', 'min_vel_x']",-1.0212634637728597,-0.33657881052436633,1.3578422742972263
"['Battery_percentage', 'RNS', 'recovery_executed', 'DWA_new_plan', 'Occdist_scale']",0.2437121977188119,1.0845655826070288,-1.3282777803258408
"['Battery_percentage', 'RNS', 'recovery_executed', 'DWA_new_plan', 'DWA_failed', 'Occdist_scale']",-0.30026211461227925,1.346952680145743,-1.0466905655334637
"['Battery_percentage', 'RNS', 'recovery_executed', 'DWA_new_plan', 'DWA_failed', 'yaw_goal_tolerance']",-0.8347097526929387,1.4060129171115614,-0.5713031644186222
"['Battery_percentage', 'RNS', 'recovery_executed', 'DWA_new_plan', 'DWA_failed', 'Update_frequency_local']",-1.3484974425599972,0.30524196584473545,1.043255476715262
"['Battery_percentage', 'RNS', 'recovery_executed', 'DWA_new_plan', 'DWA_failed', 'xy_goal_tolerance']",-1.357832577746188,0.33654511878373383,1.0212874589624534
"['Battery_percentage', 'RNS', 'DWA_failed', 'Occdist_scale']",-0.414156466146408,1.3781272568812752,-0.9639707907348702
"['Battery_percentage', 'RNS', 'DWA_failed', 'yaw_goal_tolerance']",-0.6294167975105853,1.4114653778799477,-0.7820485803693622
"['Battery_percentage', 'RNS', 'DWA_failed', 'Update_frequency_local']",-0.6951342411727055,-0.7190121263812296,1.4141463675539352
"['Battery_percentage', 'RNS', 'DWA_failed', 'xy_goal_tolerance']",-1.3832026435263676,0.43652714587261887,0.9466754976537491
"['Battery_percentage', 'RNS', 'Error_rotating_goal', 'Combination_method_local']",-0.6936982317679419,-0.7204311061905895,1.4141293379585314
"['Battery_percentage', 'RNS', 'Error_rotating_goal', 'Transform_tolerance_global']",-1.3037036420687913,0.1772281698723137,1.1264754721964783
"['Battery_percentage', 'RNS', 'Error_rotating_goal', 'Update_frequency_local']",-1.4141602841788046,0.7177111339759354,0.6964491502028692
"['Battery_percentage', 'RNS', 'Error_rotating_goal', 'Path_distance_bias']",-0.7523922242372382,1.4132252610245242,-0.6608330367872866
"['Battery_percentage', 'RNS', 'Error_rotating_goal', 'Publish_frequency_global']",-1.200671546429248,1.2474763129711737,-0.04680476654192474
"['Battery_percentage', 'RNS', 'Error_rotating_goal', 'yaw_goal_tolerance']",-1.4125012546987286,0.6459998671393247,0.7665013875594042
"['Battery_percentage', 'RNS', 'Error_rotating_goal', 'DWA_new_plan', 'xy_goal_tolerance']",-0.4906303164941867,-0.9033629600273914,1.393993276521578
"['Battery_percentage', 'RNS', 'Error_rotating_goal', 'DWA_new_plan', 'min_vel_x']",-1.3617097090035017,0.3502342240138778,1.0114754849896244
"['Battery_percentage', 'RNS', 'Error_rotating_goal', 'DWA_new_plan', 'Occdist_scale']",-0.6529946242313434,1.4128667315783718,-0.7598721073470303
"['Battery_percentage', 'RNS', 'Error_rotating_goal', 'DWA_new_plan', 'DWA_failed', 'Occdist_scale']",-0.22385211722480367,1.3212306820264028,-1.0973785648016001
"['Battery_percentage', 'RNS', 'Error_rotating_goal', 'DWA_new_plan', 'DWA_failed', 'yaw_goal_tolerance']",-1.4091298624070792,0.8083183559877576,0.6008115064193218
"['Battery_percentage', 'RNS', 'Error_rotating_goal', 'DWA_new_plan', 'DWA_failed', 'Update_frequency_local']",-1.4006591727797144,0.53116868286592,0.8694904899137941
"['Battery_percentage', 'RNS', 'Error_rotating_goal', 'DWA_new_plan', 'DWA_failed', 'xy_goal_tolerance']",-0.6201115725290436,-0.7906695328826608,1.4107811054117045
"['Battery_percentage', 'Occdist_scale']",0.8336589310871317,0.572493328070327,-1.4061522591574578
"['Battery_percentage', 'Goal_distance_bias']",-0.5621047608167803,-0.8427931064804144,1.4048978672971935
"['Battery_percentage', 'yaw_goal_tolerance']",-0.6280012350158938,1.4113660245688238,-0.7833647895529299
"['Battery_percentage', 'xy_goal_tolerance']",-1.4029510313298426,0.5472150127229883,0.8557360186068542
"['Battery_percentage', 'Error_rotating_goal', 'Combination_method_local']",-0.509352045287353,-0.8878739195781912,1.3972259648655438
"['Battery_percentage', 'Error_rotating_goal', 'Transform_tolerance_global']",-0.5250765999906937,1.3997370175054662,-0.8746604175147723
"['Battery_percentage', 'Error_rotating_goal', 'Update_frequency_local']",-1.3817365665532348,0.9518338853916438,0.4299026811615911
"['Battery_percentage', 'Error_rotating_goal', 'Path_distance_bias']",0.08862368776141873,1.1780258269270238,-1.266649514688443
"['Battery_percentage', 'Error_rotating_goal', 'Publish_frequency_global']",-0.5229139207073836,1.3994028174346975,-0.8764888967273134
"['Battery_percentage', 'Error_rotating_goal', 'yaw_goal_tolerance']",-1.3467221616316924,0.29952346295543586,1.0471986986762565
"['Battery_percentage', 'Error_rotating_goal', 'DWA_new_plan', 'xy_goal_tolerance']",-0.7798901722848879,-0.6317341636126279,1.4116243358975153
"['Battery_percentage', 'Error_rotating_goal', 'DWA_new_plan', 'min_vel_x']",-1.2021806734598337,-0.043945492716591865,1.2461261661764256
"['Battery_percentage', 'Error_rotating_goal', 'DWA_new_plan', 'Occdist_scale']",-0.08968501636385315,1.2671221195556337,-1.1774371031917819
"['Battery_percentage', 'Error_rotating_goal', 'DWA_new_plan', 'DWA_failed', 'Occdist_scale']",0.5088237305914266,0.8883146148342733,-1.3971383454256991
"['Battery_percentage', 'Error_rotating_goal', 'DWA_new_plan', 'DWA_failed', 'yaw_goal_tolerance']",-1.2247466526768367,3.5625782680369157e-06,1.2247430900985692
"['Battery_percentage', 'Error_rotating_goal', 'DWA_new_plan', 'DWA_failed', 'Update_frequency_local']",-1.2892829625720017,0.14134029728563444,1.1479426652863678
"['Battery_percentage', 'Error_rotating_goal', 'DWA_new_plan', 'DWA_failed', 'xy_goal_tolerance']",-1.1890487230714313,-0.06851587149818383,1.257564594569616
"['Battery_percentage', 'Combination_method_local']",-0.8671192271938238,-0.5339517219300105,1.4010709491238345
"['Battery_percentage', 'Publish_frequency_local']",-0.37160599898753033,-0.9959041284094896,1.36751012739702
"['Battery_percentage', 'Transform_tolerance_global']",-0.901600866365633,1.394377090549114,-0.49277622418348105
"['Battery_percentage', 'Transform_tolerance_local']",-0.5228213310645395,1.3993884297429453,-0.8765670986784051
"['Battery_percentage', 'min_vel_x']",-0.7457774312829888,-0.6677178465335238,1.4134952778165126
"['Battery_percentage', 'Update_frequency_global']",-1.3347355016631983,1.0721650525146977,0.2625704491485007
"['Battery_percentage', 'Update_frequency_local']",-1.1109819460325747,1.3133097750344578,-0.20232782900188312
"['Battery_percentage', 'Cost_scaling_factor_global']",-0.17306577213149726,1.3020723460946682,-1.1290065739631703
"['Battery_percentage', 'DWA_failed', 'Occdist_scale']",-0.024781259510895375,1.2369474544405217,-1.2121661949296259
"['Battery_percentage', 'DWA_failed', 'yaw_goal_tolerance']",-0.37368409972447525,1.3680575870144676,-0.9943734872899926
"['Battery_percentage', 'DWA_failed', 'Update_frequency_local']",-1.2206147540560752,-0.008218868684680998,1.2288336227407561
"['Battery_percentage', 'DWA_failed', 'xy_goal_tolerance']",-1.3532147123854037,1.0324267719611042,0.3207879404242988
"['Mission_success', 'Error_rotating_goal', 'Combination_method_local']",-1.0779195571916849,-0.25386244054774576,1.331781997739429
"['Mission_success', 'Error_rotating_goal', 'Transform_tolerance_global']",-1.2720855303027514,0.10092707420615918,1.1711584560965917
"['Mission_success', 'Error_rotating_goal', 'Update_frequency_local']",-0.8356236813330274,1.4058906823570838,-0.5702670010240568
"['Mission_success', 'Error_rotating_goal', 'Path_distance_bias']",-1.3261931231059552,1.0884303718359771,0.2377627512699779
"['Mission_success', 'Error_rotating_goal', 'Publish_frequency_global']",-0.9758063720973428,-0.3985794382202237,1.3743858103175663
"['Mission_success', 'Error_rotating_goal', 'yaw_goal_tolerance']",-1.3998208126936758,0.5256225144489426,0.8741982982447334
"['Mission_success', 'Error_rotating_goal', 'DWA_new_plan', 'xy_goal_tolerance']",-0.20685869011986488,-1.1081428202448926,1.3150015103647559
"['Mission_success', 'Error_rotating_goal', 'DWA_new_plan', 'min_vel_x']",-0.016391024721779425,1.2328581192577555,-1.2164670945359763
"['Mission_success', 'Error_rotating_goal', 'DWA_new_plan', 'Occdist_scale']",-0.1376050919878546,1.2877359440900904,-1.1501308521022369
"['Mission_success', 'Error_rotating_goal', 'DWA_new_plan', 'DWA_failed', 'Occdist_scale']",0.05960086704929426,1.193856300402491,-1.2534571674517843
"['Mission_success', 'Error_rotating_goal', 'DWA_new_plan', 'DWA_failed', 'yaw_goal_tolerance']",-0.7914374426143292,-0.6192788554490893,1.4107162980634187
"['Mission_success', 'Error_rotating_goal', 'DWA_new_plan', 'DWA_failed', 'Update_frequency_local']",-0.751083355973113,1.41328217747818,-0.6621988215050669
"['Mission_success', 'Error_rotating_goal', 'DWA_new_plan', 'DWA_failed', 'xy_goal_tolerance']",-0.05265392170886729,-1.1975687346182267,1.2502226563270944
"['Mission_success', 'recovery_executed', 'Occdist_scale']",-0.23399697461475402,1.3248619158055477,-1.090864941190795
"['Mission_success', 'recovery_executed', 'Goal_distance_bias']",-0.2820216029002272,-1.0591341321404888,1.3411557350407148
"['Mission_success', 'recovery_executed', 'DWA_new_plan', 'xy_goal_tolerance']",-0.06965517839543892,-1.188430812405157,1.2580859908005964
"['Mission_success', 'recovery_executed', 'DWA_new_plan', 'min_vel_x']",0.37353296713832196,0.9944849045128303,-1.3680178716511524
"['Mission_success', 'recovery_executed', 'DWA_new_plan', 'Occdist_scale']",-0.01923714281259193,1.2342501279376081,-1.2150129851250173
"['Mission_success', 'recovery_executed', 'DWA_new_plan', 'DWA_failed', 'Occdist_scale']",0.3468732394937917,1.0138961966076054,-1.3607694361013973
"['Mission_success', 'recovery_executed', 'DWA_new_plan', 'DWA_failed', 'yaw_goal_tolerance']",-1.0834854188969223,-0.24536878854805527,1.3288542074449778
"['Mission_success', 'recovery_executed', 'DWA_new_plan', 'DWA_failed', 'Update_frequency_local']",-1.3464026275740926,0.29850146945002987,1.047901158124063
"['Mission_success', 'recovery_executed', 'DWA_new_plan', 'DWA_failed', 'xy_goal_tolerance']",0.3705459577758703,-1.3672297335460624,0.996683775770192
"['Mission_success', 'Mission_time', 'Transform_tolerance_local']",-0.33502934008565977,1.3573955489384129,-1.0223662088527534
"['Mission_success', 'Mission_time', 'yaw_goal_tolerance']",-1.2848626799211846,0.13072251620501793,1.1541401637161668
"['Mission_success', 'Mission_time', 'Cost_scaling_factor_global']",-0.8669166234139064,1.4011058074596539,-0.5341891840457483
"['Mission_success', 'Mission_time', 'Occdist_scale']",-0.08226801017499004,1.2638048442246625,-1.1815368340496728
"['Mission_success', 'Mission_time', 'Path_distance_bias']",-1.4141156139298934,0.6926434797256635,0.7214721342042295
"['Mission_success', 'Mission_time', 'Goal_distance_bias']",-0.11361330878452985,-1.1639795726148523,1.2775928813993827
"['Mission_success', 'Mission_time', 'Combination_method_global']",-1.150934629751925,1.28716395567761,-0.13622932592568532
"['Mission_success', 'Mission_time', 'Cost_scaling_factor_local']",0.016333027941708527,-1.2328297020142822,1.216496674072573
"['Mission_success', 'Mission_time', 'recovery_executed', 'Occdist_scale']",-0.21620032015169244,1.3184484843919204,-1.1022481642402284
"['Mission_success', 'Mission_time', 'recovery_executed', 'Goal_distance_bias']",-0.10376723734764481,-1.1695599004214847,1.2733271377691295
"['Mission_success', 'Mission_time', 'recovery_executed', 'DWA_new_plan', 'xy_goal_tolerance']",-0.5204656655433086,-0.8785545127160438,1.3990201782593545
"['Mission_success', 'Mission_time', 'recovery_executed', 'DWA_new_plan', 'min_vel_x']",0.834234922716858,0.5718411172937294,-1.406076040010588
"['Mission_success', 'Mission_time', 'recovery_executed', 'DWA_new_plan', 'Occdist_scale']",0.14071666830168855,1.148308607407247,-1.289025275708937
"['Mission_success', 'Mission_time', 'recovery_executed', 'DWA_new_plan', 'DWA_failed', 'Occdist_scale']",0.18902621717892795,1.1192421455348045,-1.3082683627137333
"['Mission_success', 'Mission_time', 'recovery_executed', 'DWA_new_plan', 'DWA_failed', 'yaw_goal_tolerance']",-1.4121329554847168,0.6396557329377819,0.7724772225469354
"['Mission_success', 'Mission_time', 'recovery_executed', 'DWA_new_plan', 'DWA_failed', 'Update_frequency_local']",-0.7829752239555664,-0.628420398091653,1.41139562204722
"['Mission_success', 'Mission_time', 'recovery_executed', 'DWA_new_plan', 'DWA_failed', 'xy_goal_tolerance']",0.46252282605271,-1.3886526504802943,0.9261298244275843
"['Mission_success', 'Mission_time', 'Traveled_distance', 'Goal_distance_bias']",-0.9104785596215087,-0.4819221760505923,1.3924007356721
"['Mission_success', 'Mission_time', 'Traveled_distance', 'Publish_frequency_local']",-1.0094086007985767,-0.35309562235391173,1.3625042231524875
"['Mission_success', 'Mission_time', 'Traveled_distance', 'RNS', 'recovery_executed', 'Occdist_scale']",0.19777366650037692,1.1138226054156648,-1.3115962719160412
"['Mission_success', 'Mission_time', 'Traveled_distance', 'RNS', 'recovery_executed', 'Goal_distance_bias']",0.5414209123588204,-1.4021465112640124,0.8607255989051923
"['Mission_success', 'Mission_time', 'Traveled_distance', 'RNS', 'recovery_executed', 'DWA_new_plan', 'xy_goal_tolerance']",0.06576780739243393,-1.2563036790117434,1.1905358716193097
"['Mission_success', 'Mission_time', 'Traveled_distance', 'RNS', 'recovery_executed', 'DWA_new_plan', 'min_vel_x']",0.24749534434945122,1.0820962401514143,-1.3295915845008648
"['Mission_success', 'Mission_time', 'Traveled_distance', 'RNS', 'recovery_executed', 'DWA_new_plan', 'Occdist_scale']",0.07989020050991379,1.1828439931282246,-1.2627341936381395
"['Mission_success', 'Mission_time', 'Traveled_distance', 'RNS', 'recovery_executed', 'DWA_new_plan', 'DWA_failed', 'Occdist_scale']",0.8372730511609282,0.5683945673187176,-1.4056676184796453
"['Mission_success', 'Mission_time', 'Traveled_distance', 'RNS', 'recovery_executed', 'DWA_new_plan', 'DWA_failed', 'yaw_goal_tolerance']",-0.9992786294616058,-0.3670103639318049,1.3662889933934104
"['Mission_success', 'Mission_time', 'Traveled_distance', 'RNS', 'recovery_executed', 'DWA_new_plan', 'DWA_failed', 'Update_frequency_local']",-1.2346111031401041,0.0199768581336984,1.2146342450064058
"['Mission_success', 'Mission_time', 'Traveled_distance', 'RNS', 'recovery_executed', 'DWA_new_plan', 'DWA_failed', 'xy_goal_tolerance']",-0.03831805496030287,-1.2051361963110896,1.2434542512713918
"['Mission_success', 'Mission_time', 'Traveled_distance', 'RNS', 'DWA_failed', 'Occdist_scale']",0.3178045572281087,1.0345172610088673,-1.3523218182369745
"['Mission_success', 'Mission_time', 'Traveled_distance', 'RNS', 'DWA_failed', 'yaw_goal_tolerance']",-1.3987837597770185,0.5189673941942156,0.8798163655828037
"['Mission_success', 'Mission_time', 'Traveled_distance', 'RNS', 'DWA_failed', 'Update_frequency_local']",-0.7638543225210571,-0.648798277677709,1.4126526001987663
"['Mission_success', 'Mission_time', 'Traveled_distance', 'RNS', 'DWA_failed', 'xy_goal_tolerance']",-0.014728420668453505,-1.217314239389806,1.232042660058259
"['Mission_success', 'Mission_time', 'Traveled_distance', 'RNS', 'Error_rotating_goal', 'Combination_method_local']",-0.5240573262089704,1.3995799538755995,-0.8755226276666294
"['Mission_success', 'Mission_time', 'Traveled_distance', 'RNS', 'Error_rotating_goal', 'Transform_tolerance_global']",-1.090333832096433,-0.23481968700303477,1.325153519099468
"['Mission_success', 'Mission_time', 'Traveled_distance', 'RNS', 'Error_rotating_goal', 'Update_frequency_local']",-0.8668228769190032,1.4011219194595768,-0.5342990425405739
"['Mission_success', 'Mission_time', 'Traveled_distance', 'RNS', 'Error_rotating_goal', 'Path_distance_bias']",-1.3470336711469761,0.3005219071934564,1.0465117639535197
"['Mission_success', 'Mission_time', 'Traveled_distance', 'RNS', 'Error_rotating_goal', 'Publish_frequency_global']",-0.4335933565851673,-0.9489638463624185,1.3825572029475857
"['Mission_success', 'Mission_time', 'Traveled_distance', 'RNS', 'Error_rotating_goal', 'yaw_goal_tolerance']",-1.4103420780429772,0.6146093629324135,0.7957327151105639
"['Mission_success', 'Mission_time', 'Traveled_distance', 'RNS', 'Error_rotating_goal', 'DWA_new_plan', 'xy_goal_tolerance']",-0.3496341109436784,-1.0119082671485506,1.3615423780922284
"['Mission_success', 'Mission_time', 'Traveled_distance', 'RNS', 'Error_rotating_goal', 'DWA_new_plan', 'min_vel_x']",-0.20963388547087297,1.316031302601925,-1.106397417131053
"['Mission_success', 'Mission_time', 'Traveled_distance', 'RNS', 'Error_rotating_goal', 'DWA_new_plan', 'Occdist_scale']",0.27254202062900346,1.0655154246412246,-1.3380574452702287
"['Mission_success', 'Mission_time', 'Traveled_distance', 'RNS', 'Error_rotating_goal', 'DWA_new_plan', 'DWA_failed', 'Occdist_scale']",0.07855127031408332,1.1835785153650196,-1.2621297856791038
"['Mission_success', 'Mission_time', 'Traveled_distance', 'RNS', 'Error_rotating_goal', 'DWA_new_plan', 'DWA_failed', 'yaw_goal_tolerance']",-1.3813920826632942,0.9530258632474465,0.4283662194158481
"['Mission_success', 'Mission_time', 'Traveled_distance', 'RNS', 'Error_rotating_goal', 'DWA_new_plan', 'DWA_failed', 'Update_frequency_local']",-1.4042896670706249,0.8469823225324828,0.5573073445381416
"['Mission_success', 'Mission_time', 'Traveled_distance', 'RNS', 'Error_rotating_goal', 'DWA_new_plan', 'DWA_failed', 'xy_goal_tolerance']",-0.47530259774304867,-0.9158501447487396,1.3911527424917878
"['Mission_success', 'Mission_time', 'Traveled_distance', 'Combination_method_local']",-0.6541191527369283,1.4129214923214284,-0.7588023395844998
"['Mission_success', 'Mission_time', 'Traveled_distance', 'Update_frequency_global']",-1.1275215479617906,-0.17551006215521572,1.3030316101170067
"['Mission_success', 'Mission_time', 'Traveled_distance', 'DWA_failed', 'Occdist_scale']",-0.3428315365868418,1.3596286714135346,-1.016797134826693
"['Mission_success', 'Mission_time', 'Traveled_distance', 'DWA_failed', 'yaw_goal_tolerance']",-1.41014099248436,0.7979509892771464,0.612190003207213
"['Mission_success', 'Mission_time', 'Traveled_distance', 'DWA_failed', 'Update_frequency_local']",-1.2082057301588727,1.240639733774761,-0.03243400361588797
"['Mission_success', 'Mission_time', 'Traveled_distance', 'DWA_failed', 'xy_goal_tolerance']",0.20071903496346222,-1.3127059620892538,1.1119869271257927
"['Mission_success', 'Mission_time', 'Traveled_distance', 'Transform_tolerance_local']",0.3147837611818201,1.0366279633698887,-1.351411724551709
"['Mission_success', 'Mission_time', 'Traveled_distance', 'Cost_scaling_factor_local']",0.01308795389563658,-1.2312363991898767,1.2181484452942397
"['Mission_success', 'Mission_time', 'Traveled_distance', 'Publish_frequency_global']",-0.9369795362896741,-0.4488716717635506,1.3858512080532248
"['Mission_success', 'DWA_new_plan', 'xy_goal_tolerance']",0.44334702223865335,-1.3846793423188473,0.9413323200801953
"['Mission_success', 'DWA_new_plan', 'min_vel_x']",0.01582255486402849,1.2167569368481563,-1.2325794917121842
"['Mission_success', 'DWA_new_plan', 'Occdist_scale']",0.18581821187852898,1.1212176148360828,-1.3070358267146127
"['Mission_success', 'DWA_new_plan', 'DWA_failed', 'Occdist_scale']",0.4899486957535087,0.9039219514675666,-1.393870647221076
"['Mission_success', 'DWA_new_plan', 'DWA_failed', 'yaw_goal_tolerance']",-0.821634742616401,1.407656005337932,-0.5860212627215309
"['Mission_success', 'DWA_new_plan', 'DWA_failed', 'Update_frequency_local']",-1.2496034308384898,0.05133118502774654,1.1982722458107433
"['Mission_success', 'DWA_new_plan', 'DWA_failed', 'xy_goal_tolerance']",-0.2429522518579453,-1.0850605094401575,1.3280127612981056
"['Mission_success', 'Occdist_scale']",-0.017192089693695563,1.2332504140624942,-1.2160583243687988
"['Mission_success', 'Goal_distance_bias']",-0.11575364817794881,-1.1627585922824002,1.278512240460351
"['Mission_success', 'yaw_goal_tolerance']",-1.2508550056382743,1.1968479401087517,0.05400706552952208
"['Mission_success', 'xy_goal_tolerance']",-0.5783575367009854,-0.8284646988633925,1.4068222355643787
"['Mission_success', 'Combination_method_local']",-0.18655227971749547,1.3073184312140176,-1.1207661514965221
"['Mission_success', 'Publish_frequency_local']",-0.41287656109534765,-0.9649496607312006,1.377826221826548
"['Mission_success', 'RNS', 'recovery_executed', 'Occdist_scale']",-0.2105961434429266,1.3163872295769965,-1.1057910861340703
"['Mission_success', 'RNS', 'recovery_executed', 'Goal_distance_bias']",0.10625698108108929,-1.2744114595852496,1.1681544785041604
"['Mission_success', 'RNS', 'recovery_executed', 'DWA_new_plan', 'xy_goal_tolerance']",-0.27460389298478877,-1.0641324156215746,1.338736308606363
"['Mission_success', 'RNS', 'recovery_executed', 'DWA_new_plan', 'min_vel_x']",-0.3984915780298796,1.374364228441129,-0.9758726504112494
"['Mission_success', 'RNS', 'recovery_executed', 'DWA_new_plan', 'Occdist_scale']",0.19184948864887807,1.1174982364530284,-1.309347725101906
"['Mission_success', 'RNS', 'recovery_executed', 'DWA_new_plan', 'DWA_failed', 'Occdist_scale']",-0.6711020823772135,1.413612494108488,-0.7425104117312753
"['Mission_success', 'RNS', 'recovery_executed', 'DWA_new_plan', 'DWA_failed', 'yaw_goal_tolerance']",-0.8670855235554479,1.4010767514289564,-0.5339912278735084
"['Mission_success', 'RNS', 'recovery_executed', 'DWA_new_plan', 'DWA_failed', 'Update_frequency_local']",-1.210868807522303,1.2381646371364317,-0.027295829614128634
"['Mission_success', 'RNS', 'recovery_executed', 'DWA_new_plan', 'DWA_failed', 'xy_goal_tolerance']",0.3157968213448316,-1.3517176079218884,1.0359207865770568
"['Mission_success', 'RNS', 'DWA_failed', 'Occdist_scale']",0.04940883427813671,1.1992927541491072,-1.248701588427245
"['Mission_success', 'RNS', 'DWA_failed', 'yaw_goal_tolerance']",-1.0861093167663458,1.3274492746478475,-0.24133995788150117
"['Mission_success', 'RNS', 'DWA_failed', 'Update_frequency_local']",-0.6908540553236601,-0.7232359246679211,1.4140899799915814
"['Mission_success', 'RNS', 'DWA_failed', 'xy_goal_tolerance']",0.4486683628976277,-1.3858084709193434,0.937140108021716
"['Mission_success', 'RNS', 'Error_rotating_goal', 'Combination_method_local']",-0.6689499339494834,1.413539139951371,-0.7445892060018866
"['Mission_success', 'RNS', 'Error_rotating_goal', 'Transform_tolerance_global']",-0.928411350869826,1.3880775673561083,-0.4596662164862822
"['Mission_success', 'RNS', 'Error_rotating_goal', 'Update_frequency_local']",-1.1774690162825883,-0.08962751671776677,1.2670965330003554
"['Mission_success', 'RNS', 'Error_rotating_goal', 'Path_distance_bias']",-1.3990852854277505,0.5208801870197292,0.8782050984080213
"['Mission_success', 'RNS', 'Error_rotating_goal', 'Publish_frequency_global']",-1.0932739980728328,1.3235307973469594,-0.23025679927412693
"['Mission_success', 'RNS', 'Error_rotating_goal', 'yaw_goal_tolerance']",-1.414015016640365,0.7275294365107968,0.6864855801295684
"['Mission_success', 'RNS', 'Error_rotating_goal', 'DWA_new_plan', 'xy_goal_tolerance']",-1.0061019785699075,-0.3576575017491988,1.3637594803191064
"['Mission_success', 'RNS', 'Error_rotating_goal', 'DWA_new_plan', 'min_vel_x']",-0.49519734881890565,1.394806018045312,-0.8996086692264077
"['Mission_success', 'RNS', 'Error_rotating_goal', 'DWA_new_plan', 'Occdist_scale']",0.8782343439048782,0.5208454980975359,-1.3990798420024135
"['Mission_success', 'RNS', 'Error_rotating_goal', 'DWA_new_plan', 'DWA_failed', 'Occdist_scale']",0.11521745555117067,1.1630647352980727,-1.2782821908492419
"['Mission_success', 'RNS', 'Error_rotating_goal', 'DWA_new_plan', 'DWA_failed', 'yaw_goal_tolerance']",-0.8003391636617876,1.409918519602983,-0.6095793559411954
"['Mission_success', 'RNS', 'Error_rotating_goal', 'DWA_new_plan', 'DWA_failed', 'Update_frequency_local']",-1.280788584483968,1.1597067717681988,0.12108181271576915
"['Mission_success', 'RNS', 'Error_rotating_goal', 'DWA_new_plan', 'DWA_failed', 'xy_goal_tolerance']",0.49580076348835217,-1.394912239657282,0.8991114761689301
"['Mission_success', 'Transform_tolerance_global']",-1.008433477395048,-0.35444293850392566,1.362876415898974
"['Mission_success', 'Transform_tolerance_local']",0.522595544982821,0.8767577719672419,-1.3993533169500636
"['Mission_success', 'min_vel_x']",-0.2603536685690166,1.3339882711162871,-1.0736346025472696
"['Mission_success', 'Update_frequency_global']",-0.6192735678122299,1.4107158846780956,-0.7914423168658657
"['Mission_success', 'Update_frequency_local']",-1.2752998679240877,0.10830346410075972,1.1669964038233283
"['Mission_success', 'Cost_scaling_factor_global']",-0.0288194779409415,1.238900277222363,-1.2100807992814213
"['Mission_success', 'DWA_failed', 'Occdist_scale']",-0.4283831462833541,1.3813958868696898,-0.953012740586335
"['Mission_success', 'DWA_failed', 'yaw_goal_tolerance']",-1.4117114285006065,0.6330331080034588,0.7786783204971476
"['Mission_success', 'DWA_failed', 'Update_frequency_local']",-1.41241884593768,0.6445267452541531,0.767892100683527
"['Mission_success', 'DWA_failed', 'xy_goal_tolerance']",-0.1843311526737591,-1.1221311417742548,1.3064622944480144
